id,hash
04628d6f-8985-4e4b-a746-fbb2ef631694,1011000000110000011011100101010100100001010100101001010011010110
069b92b5-0623-41cc-8e3e-9e694be15186,1011011010000110100001000110010010000000110101011011011011011010
091e1917-6e93-4d36-8cc2-1b553aa92bc0,1101011000110101011001110100100011110101101010001011010011100011
0a721695-8734-47bf-a74d-0dd619f68bde,1011010001010101001111100110010000111101101010001100101010010110
0aa6d18f-e814-4090-b9fd-8d62a738c720,1011001000110011011100010101100101000111110011001000101001101010
0ba4f2b6-d802-44c7-8a4d-4e5b26a26292,1110000000100001001010010111010111011101110100001100110011100011
0eaf3018-ae27-4e2e-b6da-dbdebd58fc2b,1111001010001101010110110001101101101101001010000110110001000110
0efe151b-d819-4c6a-95b5-e1361170bcf3,1111001001010110010011010101000111100111110100001110110011100011
101163c0-cd2f-4e1a-84b3-f64fc748807d,1110000101110111010010010010011101111111111010100101001000111011
1940a64a-51da-4509-b33e-86415aeeafad,1101101000100101011101010111101100000101101000101100111001010110
1a5b62b8-fcff-4320-9e23-2a376bbcf53f,1101011000101010110100101101011010001010101100101001001001011010
1dc1d70d-c6ab-4ff7-9665-a92c0b4606fe,1001011000001001101010110111001001010111111010101001011010111010
21b6b9c8-110a-41ea-815b-17253447a02e,1111000101101001010010110001010101011001110011001011010000111010
223d3782-f530-4efb-a0fd-088534b4d545,1011000000110101111011010101011000011001001101101010100010110110
23f2e251-1a90-433e-b63a-1a361f5dc6b3,1001100001010100111001101010100100100101101011011010001001010110
2424f2c4-366b-42cf-bf4b-a8a5bfdd2c4b,0100011010101110100011001101010010000110100111101000110000011110
2646cdba-bf2a-4eda-9d35-c15d1546b6ec,1101011001111101001101010000101111001101110010101010000011010001
2c0aca3e-d91d-4bb7-ba4a-500d93f71718,1111000101101011011001010101010100111001101011001101010001111011
2ccedd78-56f8-4624-93be-e69740a187f4,1111000111000110000001010100101100111011011010100101101000111011
32dfe9aa-8303-460b-a4c3-e5533af2e1fd,1010000001100100100101100001010001011011011010101101010001001010
357741eb-40bc-487e-a502-7362104bbf86,1011100001100011010001010110100101101001011101001100001010110110
36105ded-e343-4dca-84b5-afb1fd34e2da,1011000010010101110011010011100110100111100010001000101011100010
3ecad18a-32cc-4916-8dc0-539f6759095c,1001011001101001010001010101000111001001011011101011101011000010
4d0594bd-705c-4c39-b802-bb1f6f2f7472,1011000001011010001100110100101110010101011001000101010011100010
507338d5-dc27-4185-b59e-3c6cf7df8ded,1101011001101000101010001001101010101011011001000101101011100011
565c4d6b-9d62-481c-8202-ae73c6a42b15,1100010001100011100010010101010110001101100001001010011011010011
59587fde-c3f9-48c3-b991-46abb5423314,1101011011011000110011100001010111000100110010101001011010011010
6040ba5e-7042-4095-9000-89bcb8ce1ea6,1011100011001101110001010100011100011001101010000101010011010110
61289196-a56b-4d24-b340-9cf067c77f45,1111000101011101011010101010110100110101110000101100010001111011
617555d3-ae42-4cf5-ab74-8758eb9bfa53,1101000001011001011001010101001111100101110100001101110011100010
61f80841-5265-413e-a656-11eaad5fbd35,1011011001111100101001001011000011010100101001001010010010101010
632af23c-eb5c-4725-afca-637e84cecf94,1111000101011101011010110110100101101101110001001100010001111010
63bd18e9-7c55-4456-8f3d-9bea6606cbb4,1111000001101011010001010100010100010101110011001011010000101010
67909913-6635-41cc-a1c1-1d884fca841a,1100110010100010010111010101010000111011100010100110101001000110
68fb2212-1917-4733-9beb-3a8363d43562,1110000101010011011100010010110100111001110100101001010000111010
69436d3d-3714-4020-b7e0-5c9b1fa5d5c1,1111000001001011111000111010110110000111110100001100110010100011
69798ad6-aa78-451c-83a2-fe94c469ad56,1111000101011111010101110001010100111001101010101100001000111010
702da51f-c4ec-4073-bee8-f8423f70b163,1011100001110011111010110110101110111011110001001010001010010110
72406f80-9ebe-43ca-8fc6-9965315802b9,1110010001110001011100010111000111011101111010100011110011010011
782a3732-8577-4cfa-a2db-0f707735fa47,1011010001011001011100110100101111000101100010001100100010100011
795a7929-2c32-4006-bdf1-def0a4400f59,1101101001000101011000110110010001010101011011101000111000110100
7d496cc9-e9d0-43b0-93e5-3730022fe315,1110000001001100000011110100011101100101101010001110101001001010
855c45a9-7031-407e-a6b6-80721b701fe7,1100011001100011011000110111010111101001101010001101010011100011
8786d461-0ea5-4224-82e4-bfbe4d0d8b9f,1101010001100110010010000100010101001000101001001001110001011010
8e16881e-d1cf-4b2f-a399-dbd7fdf17676,1011000001100010010001010011000100101011101010101111000010110110
91eac442-8e37-4aba-abf9-464916c39fff,1011100000100011010100110110101001010011100101101101011001010110
92105bc6-b64a-4bdc-99fe-7a2ccdbd4486,1101011001110000110010010111101101101010110100111001001010011010
9624bbf9-15b0-40f9-9f02-f2af3f1220f8,1110000000101101011001010111001101010011110100101110100001011010
97a6c6c9-dd26-4ce7-850f-0b3fc49245bd,1110000010000110001110111100101001100011110010101111100001001010
99bf40b5-e596-48df-badc-49691ee513ab,1101011001000000110101010001000100001100110010111001011011011010
9c78da04-09c3-4a95-9586-4544c326d569,1101001001010011011110010111010110100101110100001101110011100011
9c8b690c-3a78-4782-a080-7f9d06e4037b,1101100001110010000101010111100101010001110010100011001001010110
9ddfb82c-3553-4d89-a57a-b16ab5e7cd73,1111000101100011001101010100011100111011111010001011010000011010
a025a42d-cbcc-4bd2-9331-5c7dc677da20,1101001001000100100110010110001010100111110110101100010001100011
a2074ce5-c31d-4dae-a2cc-f06f677da1e3,1011100100101001000111010101001111010100100010101101001010100101
a2909e6e-d196-4654-9193-2c9e0cfd90ee,1101011010100010111001000101101000010101110100101100100011011010
a2ad045c-fb4f-45aa-9559-785285c6be19,1111000100011011001000110110110100010001010101000010010101111010
a60e081e-854f-4bf9-8eac-62bd55403383,1010001001110001101001010001010100001101101001101010111001101010
a6715693-9e8e-47f8-803a-9605c9754461,1111000001101011111000000101011011101011011010100101101011100011
a6e04dd2-75ad-4427-93cc-37226340c2fb,1110011001010010110001010101100101010111101111001110101001101010
a9c1c674-0742-45be-afd5-2dbcd6b499ae,1011000001101100001101000101101100100101110010001000110000101010
a9f8cd20-caeb-41de-bf0f-1cdfa52d7f55,1110000101100101001001010101110100110111111001001001011001011011
ab272039-917c-4c6d-ab59-3e6626e3dec8,1011100001011011010101110101100100111011101101001101110010110100
ab8292ae-9a52-43e7-92f7-0f45f4bb71ec,0100111001010110010101100110111000011010100101100010110010000010
ad46ef39-64b9-48a4-8b10-1dc7f91fd067,1101010010101100000011110001100110110111110011001100010001100011
aeb56f0c-07a5-4b01-85ac-3ceaad0eb544,1101011001010100010010110100110110110011110100001101011010110011
b28334ba-645f-46f2-98b6-0c57fac02ad4,1111000100101011010110100101001101011011110001001000010001111010
b65b3d1b-7820-49bc-8bd6-e4dff3841477,1111100101001101001101010101000110110010101110101100110010100100
bf0a2851-946d-4f10-b43b-7444daa54ae1,1110000010010101010101111010001101100111110010111101110001011010
c24bd479-c8ac-4141-a40e-956c90ee29f8,1001010000101010101001000100101001001000110000101101011010111010
c6f686e4-8411-4236-8118-ced923d75cd1,1110100101110101010101110101011100111101111011001001011001111010
cd976640-79c0-4aed-8a2f-a62025665d59,1101010000101011001110110101010110101001110110001101011011100010
cdfeb531-daac-4d64-858f-6db7d82d2b93,1011000001010101011110110001101111010111100010001000101010100011
d25d55a8-78e2-4f89-8456-39b1a8d803ca,1111100101110001000001010100100111001010100011101001100110100100
d2ffdf98-7c67-464b-b9d0-f31b56a7e880,1111000101011011001100010110100101011101010010010111000101111010
d7157d8f-b723-485d-a9b8-572d2961fa8f,1101100000101101011100110011100111001001010001000101101011010011
d7dc37c4-c96b-4682-9746-e1220cbc4a84,1111000001110011010110010010010111100001111100001010110011100010
d811ff0b-53f0-4408-b63a-c5da2eeb9964,1011000001000101010101010101010001010101110110001011001001001010
dc863140-221c-4f57-b0a1-933fadadd427,1110000101010111001010010111001100011001111000101101010000111010
dcf26dff-a7f2-4873-99a6-e3cd6dfc1654,1011010001111011011110010111000111100011100010001000101011100011
dd6ed8bd-3d42-4343-90d2-c755567a7714,1001011011010000101100101100101100010101101010101010100010011010
df04c110-25f8-4989-ab82-265fb9cb89e5,1101100101110011010000010111100110100000010010101110001010010100
df4863dc-3545-4ee7-a3c8-beed109a7f38,1110000101111001010100010111100100011111111011001010101001011011
e14e994d-ed2e-451b-a165-93da7e9c3579,1001011001000010111001100110100101100100111101001110110001111010
e49ff5f6-804c-4f8e-a3d6-3cc96837ff6b,1011100001100100001000110010110100110011111010001011010010110100
ecb37473-a20d-4bf0-ae77-2b7037580fde,1101000000111001001110110101100101100101010111000110111001010100
eed56ebd-19d2-44bd-83be-f9ef838584a9,1101100001010101001100110000011100110111110011000101011001100110
